"country","gdp","support","life_expectancy","freedom","generosity","corruption","residual","sum","year"
"Afghanistan",0.30070585,0.356433839,0.266051531,0,0.135234714,0.001225785,1.507235646,2.566887365,2020
"Albania",0.906653047,0.830483913,0.846329629,0.461945891,0.171027765,0.025361285,1.640897036,4.882698566,2020
"Algeria",0.943856001,1.143003583,0.745418549,0.083943799,0.118915014,0.129190654,1.840811729,5.005139329,2020
"Argentina",1.028465629,1.372543693,0.849773705,0.520840347,0.070100471,0.060415059,2.072540998,5.974679902,2020
"Armenia",0.808262408,1.034576893,0.77585727,0.378075808,0.107225738,0.104618184,1.468161583,4.676777884,2020
"Australia",1.310396433,1.477146268,1.022607684,0.621877193,0.324973613,0.335996419,2.129804134,7.222801744,2020
"Austria",1.317285538,1.437444925,1.000933528,0.603368878,0.255509764,0.281256139,2.398446083,7.294244855,2020
"Azerbaijan",0.990272701,1.180613041,0.731134057,0.467734724,0.040113214,0.247307181,1.507632971,5.164807889,2020
"Bahrain",1.296692252,1.31532371,0.838836372,0.610399902,0.287453711,0.126697257,1.751917362,6.227320566,2020
"Bangladesh",0.556156278,0.868800581,0.694940507,0.604130566,0.176745117,0.176735908,1.755261898,4.832770855,2020
"Belarus",1.018854499,1.38713932,0.75258857,0.290755868,0.08993306,0.193607435,1.8069911,5.539869852,2020
"Belgium",1.295842767,1.398677588,0.964901149,0.499805421,0.146966159,0.208724052,2.348626614,6.86354375,2020
"Benin",0.366244704,0.352428436,0.328062952,0.40583989,0.196670428,0.125931874,3.440809727,5.215988011,2020
"Bolivia",0.730976343,1.142350554,0.662445664,0.5744645,0.138375074,0.072942637,2.425928593,5.747483365,2020
"Bosnia and Herzegovina",0.91839546,1.203986526,0.813928187,0.305365741,0.264005244,0.001172487,2.16724205,5.674095695,2020
"Botswana",0.997548997,1.08569479,0.494101733,0.50908941,0.033407487,0.101786368,0.257240534,3.478869319,2020
"Brazil",0.952679873,1.363464117,0.766119063,0.483292729,0.131674588,0.106518604,2.571860313,6.375609287,2020
"Bulgaria",1.046554685,1.460578918,0.777776897,0.417820066,0.103833713,0,1.294961452,5.101525731,2020
"Burkina Faso",0.302467644,0.9293859,0.312833875,0.322398156,0.186390609,0.126408055,2.588826418,4.768710657,2020
"Burundi",0,0.403575271,0.295212835,0.275399059,0.187401786,0.212186828,2.401507378,3.775283157,2020
"Cambodia",0.544634938,1.071426034,0.587904334,0.674940348,0.233342081,0.072837502,1.663300037,4.848385274,2020
"Cameroon",0.503958046,0.89972645,0.270189553,0.439242482,0.198020101,0.054393422,2.719370842,5.084900896,2020
"Canada",1.301647663,1.435391903,1.022501945,0.644028127,0.28152892,0.351701856,2.195269108,7.232069522,2020
"Central African Republic",0.041072082,0,0,0.292814463,0.253513217,0.028264718,2.860197544,3.475862024,2020
"Chad",0.302287489,0.739118278,0.1087441,0.228601769,0.210805088,0.085755408,2.74742651,4.422738642,2020
"Chile",1.096992493,1.323286891,0.889260828,0.417482227,0.155579001,0.06284935,2.283012867,6.228463657,2020
"China",0.990533412,1.132080674,0.867248535,0.601605117,0.079021044,0.117255554,1.336181879,5.123926215,2020
"Colombia",0.93220371,1.33445096,0.810020149,0.526890039,0.092374094,0.04584837,2.421656609,6.163443931,2020
"Comoros",0.415620774,0.723232806,0.437383324,0.181028232,0.258538276,0.100048535,2.17276907,4.288621017,2020
"Congo (Brazzaville)",0.633616745,0.757636011,0.458101124,0.386514395,0.117216013,0.118670784,2.722619534,5.194374606,2020
"Congo (Kinshasa)",0.062487468,0.833055019,0.277212054,0.36462298,0.254324883,0.081466645,2.437864304,4.311033353,2020
"Costa Rica",0.981107712,1.374853611,0.939635336,0.645017743,0.131266311,0.096362092,2.953135014,7.121377819,2020
"Croatia",1.109024286,1.311264873,0.900575578,0.381456882,0.113998979,0.012325006,1.676029205,5.504674809,2020
"Cyprus",1.21279943,1.149170756,1.026124597,0.459385872,0.227932334,0.051207144,2.032334805,6.158954938,2020
"Czech Republic",1.212322354,1.40528667,0.89456445,0.505744576,0.046325929,0.049803223,2.796808243,6.910855445,2020
"Denmark",1.326948524,1.503449202,0.979332566,0.665039897,0.242793396,0.495260328,2.432740688,7.645564601,2020
"Dominican Republic",0.983191848,1.328888893,0.741901696,0.5628739,0.112196781,0.115945682,1.844246864,5.689245664,2020
"Ecuador",0.853383601,1.221027613,0.838837743,0.555234551,0.115006477,0.086753383,2.254933834,5.925177202,2020
"Egypt",0.875228941,0.982539535,0.596911311,0.373684734,0.068801254,0.095461793,1.158818245,4.151445813,2020
"El Salvador",0.748940408,1.149397612,0.752730012,0.524043918,0.1189363,0.117030352,2.937191725,6.348270327,2020
"Estonia",1.192441225,1.453232527,0.842615008,0.576664805,0.125136748,0.201766819,1.629928112,6.021785244,2020
"Ethiopia",0.315125644,1.001103282,0.483846247,0.41256687,0.227698103,0.117437035,1.628459215,4.186236396,2020
"Finland",1.285189509,1.499525905,0.961271405,0.66231674,0.159670442,0.477857262,2.762835026,7.808666289,2020
"France",1.268129349,1.458839178,1.029714227,0.514050901,0.112607703,0.227303237,2.053198338,6.663842933,2020
"Gabon",0.988044381,1.10639751,0.522574842,0.369459897,0.052013602,0.055804539,1.735027552,4.829322323,2020
"Gambia",0.256990552,0.882678688,0.353247881,0.403419524,0.425989687,0.158093795,2.270216465,4.750636592,2020
"Georgia",0.847198069,0.7311939,0.694657624,0.485494107,0.047609735,0.174088076,1.69239831,4.672639821,2020
"Germany",1.314184546,1.368543744,0.972114801,0.564274132,0.252037704,0.309362292,2.295249462,7.075766681,2020
"Ghana",0.575862467,0.96636796,0.432162255,0.477290064,0.261291206,0.056570381,2.378437281,5.147981614,2020
"Greece",1.128070116,1.168973565,0.979431748,0.173516348,0,0.048844352,2.016179085,5.515015214,2020
"Guatemala",0.753815711,1.174267054,0.705952585,0.613146722,0.170611665,0.0983603,2.882723093,6.39887713,2020
"Guinea",0.390007734,0.75136596,0.333655238,0.371878058,0.249490842,0.112204559,2.740729809,4.9493322,2020
"Haiti",0.284734428,0.646671355,0.37436673,0.169297516,0.463909656,0.161935672,1.619916916,3.720832273,2020
"Honduras",0.598763585,1.186664104,0.791989982,0.568148077,0.256528199,0.086807102,2.464295387,5.953196436,2020
"Hong Kong S.A.R. of China",1.376746058,1.243584275,1.136630654,0.459356517,0.288280904,0.332485437,0.673293114,5.510376959,2020
"Hungary",1.164307117,1.423009396,0.806793869,0.386401802,0.070491239,0.027548173,2.121845722,6.000397318,2020
"Iceland",1.326501608,1.547567487,1.000843406,0.661980748,0.362330228,0.144540772,2.460688114,7.504452363,2020
"India",0.730576158,0.644198656,0.54057014,0.581142247,0.237072483,0.105587982,0.734130859,3.573278525,2020
"Indonesia",0.891720712,1.154800892,0.610437036,0.568161428,0.542646527,0.038278613,1.479573488,5.285618696,2020
"Iran",1.029322505,0.886271179,0.749053836,0.301195472,0.27697894,0.142651513,1.286969423,4.672442868,2020
"Iraq",0.982018709,1.011466622,0.529350698,0.283588052,0.153002068,0.073164992,1.752173662,4.784764803,2020
"Ireland",1.446886778,1.470596433,0.975670695,0.587779939,0.295426995,0.373433262,1.943878174,7.093672276,2020
"Israel",1.216463685,1.403256774,1.008052945,0.420699477,0.266861796,0.09989845,2.713358402,7.128591529,2020
"Italy",1.236396074,1.347296,1.022504926,0.321305573,0.170266211,0.040145598,2.249505997,6.387420379,2020
"Ivory Coast",0.537094414,0.799727261,0.154942513,0.397122532,0.169915587,0.093495794,3.081022501,5.233320602,2020
"Jamaica",0.779058397,1.408289194,0.788434088,0.553124607,0.116268493,0.030147785,2.214436531,5.889759095,2020
"Japan",1.26672411,1.332338691,1.072881341,0.495465875,0.03571178,0.181439638,1.486200333,5.870761768,2020
"Jordan",0.785179198,1.140118599,0.777624726,0.424855083,0.091494769,0.151878625,1.262258053,4.633409053,2020
"Kazakhstan",1.122594237,1.453267694,0.698788941,0.497432142,0.153713793,0.110463686,2.021602631,6.057863124,2020
"Kenya",0.476413399,0.905077755,0.536312759,0.519180536,0.393902093,0.067201078,1.684904575,4.582992195,2020
"Kosovo",0.840481341,1.183962822,0.672709167,0.557280421,0.325286865,0.008559024,2.736902714,6.325182354,2020
"Kuwait",1.424833655,1.244779825,0.776468933,0.570261419,0.132751092,0.112814933,1.840167999,6.102077856,2020
"Kyrgyzstan",0.513180971,1.341036677,0.680645883,0.614617765,0.30137074,0.030466691,2.060206652,5.541525379,2020
"Laos",0.714693844,0.987391889,0.486378282,0.612027287,0.27266711,0.194273964,1.621152639,4.888585015,2020
"Latvia",1.14139545,1.414398789,0.777902424,0.329198807,0.075407945,0.090391524,2.121283054,5.949977993,2020
"Lebanon",0.889232516,1.19249332,0.788671136,0.18551667,0.158524141,0.021518147,1.53554225,4.77149818,2020
"Lesotho",0.45493874,1.088940024,0.100934811,0.409367532,0.102627642,0.050483823,1.445513964,3.652806536,2020
"Liberia",0.174103007,0.920733929,0.392284274,0.405943096,0.226967871,0.051139876,2.386757851,4.557929904,2020
"Libya",1.021913767,1.196283698,0.615626633,0.451354057,0.142757699,0.172258079,1.888563156,5.488757089,2020
"Lithuania",1.193559647,1.432865739,0.795421183,0.42046079,0.053691041,0.081350274,2.238146067,6.215494741,2020
"Luxembourg",1.536676049,1.387528419,0.986442685,0.610137045,0.19595392,0.367041469,2.153700352,7.237479939,2020
"Macedonia",0.935371995,1.183173537,0.802994132,0.410224587,0.18586354,0.024595059,1.617594957,5.159817807,2020
"Madagascar",0.244553208,0.823694348,0.500617027,0.192967549,0.191190064,0.076248638,2.136298418,4.165569252,2020
"Malawi",0.176534727,0.53036809,0.446163297,0.487389833,0.213185057,0.131633952,1.552718282,3.537993238,2020
"Malaysia",1.168421626,1.17400229,0.788511872,0.596941531,0.274886161,0.062163133,1.319420815,5.384347428,2020
"Maldives",0.937864304,1.402287602,0.914439559,0.548203647,0.224198252,0.071906492,1.098674774,5.19757463,2020
"Mali",0.352462649,0.97314173,0.234981522,0.377534449,0.16966705,0.062146276,2.559335232,4.729268908,2020
"Malta",1.252513289,1.442956924,0.972042024,0.633239031,0.341180831,0.178864077,1.952012062,6.772808238,2020
"Mauritania",0.539684892,1.113323569,0.425184816,0.185714483,0.128899664,0.122257635,1.85955739,4.374622449,2020
"Mauritius",1.07366395,1.395666838,0.763389409,0.590838134,0.186894551,0.084088229,2.006720543,6.101261654,2020
"Mexico",1.024387479,1.226333499,0.831601024,0.553892553,0.083094485,0.083133668,2.662540197,6.464982905,2020
"Moldova",0.707916796,1.237312198,0.713299453,0.389571488,0.174049184,0.014378744,2.370968342,5.607496205,2020
"Mongolia",0.904872775,1.458930612,0.615788162,0.355703115,0.263885736,0.046533126,1.810527563,5.456241089,2020
"Montenegro",1.010150075,1.265657902,0.839028895,0.303223848,0.14901033,0.098435111,1.880565882,5.546072043,2020
"Morocco",0.75862211,0.645208478,0.745096922,0.450054139,0.040032551,0.077385604,2.378402472,5.094802276,2020
"Mozambique",0.178741366,0.955202878,0.324223638,0.56077534,0.220422104,0.163064316,2.221216202,4.623645844,2020
"Myanmar",0.67809093,1.098178267,0.495443076,0.597478867,0.569813728,0.187530354,0.681462526,4.307997748,2020
"Namibia",0.84008199,1.245738149,0.40687117,0.444598973,0.076454483,0.054320343,1.503033161,4.571098269,2020
"Nepal",0.444050372,1.100789309,0.66887939,0.480608255,0.300971806,0.127502963,2.014386892,5.137188987,2020
"Netherlands",1.338946342,1.463645935,0.975675344,0.61362648,0.336317569,0.368569762,2.352117062,7.448898494,2020
"New Zealand",1.242317915,1.48721838,1.008138299,0.646789908,0.325726211,0.461268276,2.128108025,7.299567014,2020
"Nicaragua",0.620033145,1.27081275,0.803093255,0.560117304,0.212871477,0.174084574,2.496081114,6.137093619,2020
"Niger",0.108330332,0.703800142,0.298816353,0.435311615,0.208176896,0.137554765,3.017630577,4.90962068,2020
"Nigeria",0.645901859,0.986717939,0.167835936,0.435079455,0.221328124,0.047589935,2.219635487,4.724088735,2020
"North Cyprus",1.21279943,1.183089137,1.026124597,0.477885723,0.199160054,0.199802905,1.23668766,5.535549506,2020
"Norway",1.42420733,1.495172501,1.008071899,0.670200884,0.287985086,0.434100568,2.168266296,7.488004564,2020
"Pakistan",0.616799474,0.872979581,0.469933242,0.405421734,0.228705063,0.122592121,2.976876736,5.693307951,2020
"Palestinian Territories",0.587819219,1.194755554,0.613826573,0.29870075,0.091816261,0.071913652,1.693985701,4.55281771,2020
"Panama",1.097667813,1.376149297,0.878546536,0.57984978,0.097207308,0.054230526,2.221176147,6.304827407,2020
"Paraguay",0.897990823,1.36819756,0.735869646,0.586510062,0.204299241,0.065077379,1.83412528,5.692069991,2020
"Peru",0.91854918,1.208405972,0.824444175,0.513210058,0.091611817,0.02703266,2.213499546,5.796753408,2020
"Philippines",0.775120676,1.245381713,0.602189481,0.621915162,0.129260212,0.130385727,2.501741886,6.005994857,2020
"Poland",1.16922915,1.310399771,0.868038476,0.557903528,0.063374244,0.160541251,2.056797981,6.186284401,2020
"Portugal",1.168800831,1.339530349,0.979315281,0.589895189,0.053036947,0.027733466,1.752558708,5.910870771,2020
"Romania",1.120401621,1.1944381,0.79229486,0.534852326,0.068181619,0.000829569,2.412749767,6.123747862,2020
"Russia",1.126999617,1.378644109,0.68044591,0.399499595,0.099041916,0.045699362,1.815716743,5.546047252,2020
"Rwanda",0.343242675,0.522876322,0.572383285,0.604087889,0.235704988,0.485542476,0.548444986,3.312282621,2020
"Saudi Arabia",1.334328532,1.309950113,0.759818137,0.548477471,0.087440684,0.163322315,2.203118801,6.406456053,2020
"Senegal",0.504061818,0.95459342,0.518391907,0.352400899,0.164397135,0.081865937,2.405123949,4.980835065,2020
"Serbia",0.988181829,1.327448964,0.828403294,0.395428419,0.15028289,0.059447147,2.029040098,5.778232641,2020
"Sierra Leone",0.240560383,0.747984946,0.203953966,0.382027686,0.257647008,0.047940936,2.046271801,3.926386726,2020
"Singapore",1.519580126,1.39545691,1.137814283,0.635317206,0.218770906,0.533162236,0.937031746,6.377133413,2020
"Slovakia",1.194837689,1.424331188,0.853465259,0.423542529,0.116729774,0.011291441,2.256422043,6.280619923,2020
"Slovenia",1.208652496,1.464677691,0.932548046,0.646700144,0.145701498,0.076516323,1.888586521,6.363382719,2020
"South Africa",0.902140439,1.259086251,0.407034069,0.43478182,0.126406848,0.05950214,1.625117302,4.814068869,2020
"South Korea",1.245300651,1.133560538,1.022542596,0.25935635,0.170303866,0.094596282,1.946757078,5.872417361,2020
"South Sudan",0.289082974,0.553278506,0.208809033,0.065609254,0.209934607,0.111156799,1.378751278,2.816622451,2020
"Spain",1.230535269,1.421099186,1.051343083,0.425983816,0.16530548,0.109579779,1.997088432,6.400935045,2020
"Sri Lanka",0.897986948,1.19494009,0.792036712,0.528632462,0.252666146,0.049444564,0.611288548,4.32699547,2020
"Swaziland",0.827539742,1.064835191,0.215585828,0.299935788,0.067264833,0.146765873,1.686207294,4.308134549,2020
"Sweden",1.322235227,1.433347702,0.986470461,0.650297701,0.272827893,0.442066371,2.246299267,7.353544622,2020
"Switzerland",1.39077425,1.472403407,1.040533185,0.62895447,0.269055754,0.407945901,2.35026741,7.559934377,2020
"Taiwan Province of China",1.327470541,1.357760668,0.878437996,0.449404389,0.150598705,0.131516352,2.160238743,6.455427394,2020
"Tajikistan",0.474874616,1.218377709,0.680594802,0.521141171,0.182417125,0.221779913,2.25650835,5.555693686,2020
"Tanzania",0.457163125,0.872674644,0.442677855,0.509343088,0.27154091,0.203880861,0.718963385,3.476243868,2020
"Thailand",1.007029295,1.347519517,0.793855846,0.609449804,0.376709014,0.031837862,1.832384109,5.998785447,2020
"Togo",0.268116266,0.547622859,0.342731178,0.303539038,0.200774252,0.114826456,2.409595251,4.1872053,2020
"Trinidad and Tobago",1.167641521,1.407326221,0.658828557,0.55293113,0.199358255,0.015078396,2.190695763,6.191859843,2020
"Tunisia",0.874742687,0.872167706,0.781156719,0.235860556,0.055881143,0.043899573,1.528496742,4.392205126,2020
"Turkey",1.127169251,1.197159171,0.781335294,0.25440076,0.085885569,0.120983243,1.564816713,5.131750001,2020
"Turkmenistan",1.008963585,1.510476947,0.612448037,0.515236676,0.323129326,0.03350389,1.115337372,5.119095833,2020
"Uganda",0.312337428,1.052327394,0.378311664,0.401682556,0.264807373,0.063818842,1.958671093,4.43195635,2020
"Ukraine",0.780434608,1.321316481,0.698674381,0.319423705,0.178551316,0.00965116,1.252669334,4.560720985,2020
"United Arab Emirates",1.431086421,1.251170993,0.787814438,0.652936101,0.28065598,0.220213518,2.166965961,6.790843412,2020
"United Kingdom",1.273061037,1.457844973,0.97570008,0.525168657,0.373433441,0.322601646,2.236721992,7.164531826,2020
"United States",1.37398684,1.404786706,0.831618011,0.534608245,0.298143059,0.152284741,2.344124794,6.939552396,2020
"Uruguay",1.071000457,1.425081134,0.856928885,0.59426707,0.132143691,0.193425074,2.167276382,6.440122693,2020
"Uzbekistan",0.696652949,1.434020042,0.716703713,0.693270326,0.363311023,0.280260265,2.073346615,6.257564933,2020
"Venezuela",0.770238638,1.348546863,0.76702553,0.271717221,0.087179154,0.063624777,1.74484086,5.053173043,2020
"Vietnam",0.718092382,1.253074765,0.819133997,0.650835574,0.136488721,0.089848459,1.685977936,5.353451834,2020
"Yemen",0.392701775,1.177477121,0.41500017,0.243721485,0.094689012,0.087352127,1.116472721,3.527414411,2020
"Zambia",0.536833763,0.896037281,0.36359334,0.49131754,0.250620902,0.086705238,1.134339333,3.759447397,2020
"Zimbabwe",0.425564021,1.047835231,0.375037611,0.37740472,0.151349187,0.080928579,0.841031075,3.299150424,2020
"Afghanistan",0.37,0,0.126,0,0.122,0.01,1.895,2.523,2021
"Albania",1.008,0.529,0.646,0.491,0.168,0.024,2.25,5.116,2021
"Algeria",0.946,0.765,0.552,0.119,0.144,0.12,2.242,4.888,2021
"Argentina",1.162,0.98,0.646,0.544,0.069,0.067,2.461,5.929,2021
"Armenia",0.996,0.758,0.585,0.54,0.079,0.198,2.127,5.283,2021
"Australia",1.453,1.076,0.801,0.647,0.291,0.317,2.598,7.183,2021
"Austria",1.492,1.062,0.782,0.64,0.215,0.292,2.784,7.267,2021
"Azerbaijan",1.025,0.841,0.541,0.526,0.043,0.276,1.919,5.171,2021
"Bahrain",1.409,0.899,0.662,0.661,0.246,0.139,2.631,6.647,2021
"Bangladesh",0.635,0.52,0.514,0.603,0.161,0.164,2.427,5.024,2021
"Belarus",1.124,1.007,0.56,0.326,0.07,0.199,2.247,5.533,2021
"Belgium",1.463,0.998,0.747,0.489,0.088,0.187,2.862,6.834,2021
"Benin",0.507,0.058,0.196,0.457,0.166,0.178,3.482,5.044,2021
"Bolivia",0.842,0.782,0.486,0.6,0.138,0.064,2.805,5.717,2021
"Bosnia and Herzegovina",1.032,0.919,0.618,0.395,0.261,0.005,2.583,5.813,2021
"Botswana",1.099,0.724,0.34,0.539,0.027,0.088,0.648,3.465,2021
"Brazil",1.028,0.944,0.571,0.514,0.142,0.117,3.015,6.331,2021
"Bulgaria",1.181,1.055,0.583,0.494,0.125,0.005,1.823,5.266,2021
"Burkina Faso",0.364,0.472,0.179,0.381,0.182,0.122,3.133,4.833,2021
"Burundi",0,0.062,0.155,0.298,0.172,0.212,2.876,3.775,2021
"Cambodia",0.603,0.68,0.426,0.702,0.21,0.061,2.148,4.83,2021
"Cameroon",0.543,0.556,0.159,0.425,0.205,0.058,3.195,5.141,2021
"Canada",1.447,1.044,0.798,0.648,0.246,0.335,2.585,7.103,2021
"Chad",0.255,0.353,0,0.24,0.215,0.084,3.209,4.356,2021
"Chile",1.2,0.946,0.678,0.438,0.159,0.07,2.682,6.173,2021
"China",1.061,0.785,0.665,0.636,0.093,0.117,1.982,5.339,2021
"Colombia",1.021,0.866,0.615,0.554,0.1,0.063,2.794,6.013,2021
"Comoros",0.488,0.367,0.279,0.202,0.241,0.101,2.61,4.288,2021
"Congo (Brazzaville)",0.518,0.392,0.307,0.381,0.144,0.124,3.476,5.342,2021
"Costa Rica",1.134,0.966,0.722,0.673,0.105,0.083,3.387,7.07,2021
"Croatia",1.251,1.039,0.703,0.453,0.111,0,2.325,5.882,2021
"Cyprus",1.377,0.765,0.801,0.464,0.178,0.061,2.578,6.224,2021
"Czech Republic",1.37,1.09,0.703,0.58,0.052,0.046,3.124,6.965,2021
"Denmark",1.502,1.108,0.763,0.686,0.208,0.485,2.868,7.62,2021
"Dominican Republic",1.106,0.879,0.555,0.581,0.101,0.144,2.178,5.544,2021
"Ecuador",0.935,0.806,0.64,0.56,0.107,0.062,2.653,5.763,2021
"Egypt",0.954,0.647,0.426,0.446,0.069,0.092,1.648,4.282,2021
"El Salvador",0.845,0.675,0.565,0.615,0.116,0.16,3.085,6.061,2021
"Estonia",1.344,1.079,0.64,0.641,0.119,0.263,2.103,6.189,2021
"Ethiopia",0.37,0.679,0.331,0.451,0.241,0.114,2.089,4.275,2021
"Finland",1.446,1.106,0.741,0.691,0.124,0.481,3.253,7.842,2021
"France",1.421,1.081,0.804,0.536,0.092,0.235,2.521,6.69,2021
"Gabon",1.037,0.707,0.362,0.424,0.058,0.064,2.201,4.853,2021
"Gambia",0.367,0.511,0.21,0.384,0.465,0.123,2.99,5.05,2021
"Georgia",1.03,0.47,0.498,0.488,0.032,0.181,2.191,4.89,2021
"Germany",1.48,0.993,0.757,0.6,0.195,0.306,2.824,7.155,2021
"Ghana",0.68,0.595,0.287,0.517,0.268,0.058,2.684,5.089,2021
"Greece",1.273,0.811,0.76,0.243,0,0.074,2.561,5.722,2021
"Guatemala",0.845,0.79,0.519,0.638,0.163,0.105,3.375,6.435,2021
"Guinea",0.42,0.399,0.206,0.384,0.25,0.111,3.216,4.986,2021
"Haiti",0.294,0.173,0.227,0.257,0.463,0.139,2.06,3.613,2021
"Honduras",0.703,0.787,0.593,0.578,0.241,0.083,2.934,5.919,2021
"Hong Kong S.A.R. of China",1.525,0.841,0.893,0.408,0.232,0.342,1.236,5.477,2021
"Hungary",1.301,1.083,0.615,0.454,0.067,0.04,2.432,5.992,2021
"Iceland",1.482,1.172,0.772,0.698,0.293,0.17,2.967,7.554,2021
"India",0.741,0.316,0.383,0.622,0.246,0.106,1.405,3.819,2021
"Indonesia",0.954,0.786,0.433,0.598,0.541,0.046,1.987,5.345,2021
"Iran",1.03,0.557,0.561,0.275,0.33,0.144,1.823,4.72,2021
"Iraq",0.91,0.638,0.381,0.302,0.153,0.041,2.429,4.854,2021
"Ireland",1.644,1.092,0.753,0.606,0.238,0.367,2.384,7.084,2021
"Israel",1.376,1.074,0.788,0.509,0.208,0.119,3.083,7.157,2021
"Italy",1.393,0.94,0.798,0.379,0.133,0.047,2.794,6.484,2021
"Ivory Coast",0.669,0.409,0.052,0.438,0.177,0.092,3.469,5.306,2021
"Jamaica",0.891,0.932,0.599,0.618,0.099,0.035,3.135,6.309,2021
"Japan",1.389,0.949,0.838,0.504,0.02,0.192,2.048,5.94,2021
"Jordan",0.89,0.685,0.583,0.455,0.079,0.15,1.553,4.395,2021
"Kazakhstan",1.23,1.103,0.527,0.573,0.143,0.132,2.446,6.154,2021
"Kenya",0.603,0.508,0.385,0.483,0.375,0.073,2.18,4.607,2021
"Kosovo",0.937,0.807,0.483,0.593,0.356,0.014,3.182,6.372,2021
"Kuwait",1.461,0.857,0.58,0.591,0.12,0.13,2.368,6.107,2021
"Kyrgyzstan",0.665,0.971,0.501,0.673,0.266,0.02,2.648,5.744,2021
"Laos",0.808,0.598,0.33,0.643,0.268,0.179,2.204,5.03,2021
"Latvia",1.285,1.047,0.587,0.405,0.082,0.089,2.536,6.031,2021
"Lebanon",1.045,0.868,0.595,0.175,0.14,0.026,1.736,4.585,2021
"Lesotho",0.451,0.731,0.007,0.405,0.103,0.015,1.8,3.512,2021
"Liberia",0.228,0.58,0.253,0.43,0.221,0.057,2.857,4.626,2021
"Libya",1.044,0.821,0.435,0.474,0.131,0.174,2.331,5.41,2021
"Lithuania",1.35,1.065,0.612,0.476,0.056,0.073,2.624,6.256,2021
"Luxembourg",1.751,1.003,0.76,0.639,0.166,0.353,2.653,7.325,2021
"Madagascar",0.266,0.503,0.341,0.207,0.185,0.087,2.62,4.209,2021
"Malawi",0.113,0.168,0.298,0.484,0.213,0.134,2.19,3.6,2021
"Malaysia",1.259,0.797,0.587,0.624,0.27,0.064,1.784,5.385,2021
"Maldives",1.115,1.015,0.697,0.575,0.204,0.073,1.52,5.199,2021
"Mali",0.387,0.59,0.11,0.384,0.164,0.072,3.016,4.723,2021
"Malta",1.411,1.055,0.747,0.664,0.275,0.183,2.268,6.603,2021
"Mauritania",0.666,0.749,0.273,0.218,0.119,0.133,2.069,4.227,2021
"Mauritius",1.178,0.996,0.574,0.59,0.153,0.096,2.462,6.049,2021
"Mexico",1.126,0.83,0.634,0.585,0.092,0.089,2.961,6.317,2021
"Moldova",0.985,0.888,0.542,0.536,0.137,0.013,2.665,5.766,2021
"Mongolia",0.966,1.065,0.442,0.397,0.263,0.053,2.492,5.678,2021
"Montenegro",1.155,0.891,0.637,0.397,0.166,0.081,2.254,5.581,2021
"Morocco",0.792,0.219,0.558,0.477,0.034,0.088,2.749,4.917,2021
"Mozambique",0.183,0.634,0.196,0.608,0.228,0.163,2.783,4.795,2021
"Myanmar",0.666,0.713,0.341,0.601,0.52,0.178,1.407,4.426,2021
"Namibia",0.882,0.801,0.262,0.411,0.091,0.059,2.068,4.574,2021
"Nepal",0.519,0.702,0.496,0.488,0.287,0.135,2.642,5.269,2021
"Netherlands",1.501,1.079,0.753,0.647,0.302,0.384,2.798,7.464,2021
"New Zealand",1.4,1.094,0.785,0.665,0.276,0.445,2.612,7.277,2021
"Nicaragua",0.693,0.904,0.604,0.553,0.201,0.176,2.841,5.972,2021
"Niger",0.162,0.402,0.167,0.516,0.2,0.157,3.47,5.074,2021
"Nigeria",0.663,0.625,0.051,0.433,0.212,0.039,2.736,4.759,2021
"North Cyprus",1.377,0.806,0.801,0.503,0.196,0.2,1.653,5.536,2021
"North Macedonia",1.068,0.772,0.535,0.45,0.212,0.022,2.042,5.101,2021
"Norway",1.543,1.108,0.782,0.703,0.249,0.427,2.58,7.392,2021
"Pakistan",0.637,0.423,0.322,0.418,0.252,0.097,2.784,4.933,2021
"Palestinian Territories",0.646,0.819,0.434,0.33,0.082,0.075,2.131,4.517,2021
"Panama",1.298,0.976,0.667,0.596,0.079,0.053,2.509,6.178,2021
"Paraguay",0.983,0.97,0.549,0.602,0.206,0.037,2.306,5.653,2021
"Peru",0.986,0.833,0.623,0.536,0.087,0.031,2.744,5.84,2021
"Philippines",0.853,0.828,0.426,0.651,0.125,0.126,2.872,5.881,2021
"Poland",1.309,0.982,0.668,0.558,0.08,0.13,2.438,6.165,2021
"Portugal",1.323,0.939,0.76,0.621,0.029,0.033,2.225,5.93,2021
"Romania",1.275,0.832,0.595,0.564,0.045,0.001,2.83,6.142,2021
"Russia",1.241,0.992,0.511,0.409,0.115,0.06,2.148,5.476,2021
"Rwanda",0.364,0.202,0.407,0.627,0.227,0.493,1.095,3.415,2021
"Saudi Arabia",1.435,0.964,0.571,0.603,0.09,0.163,2.668,6.494,2021
"Senegal",0.518,0.558,0.357,0.381,0.158,0.088,3.071,5.131,2021
"Serbia",1.101,0.924,0.634,0.482,0.189,0.066,2.682,6.078,2021
"Sierra Leone",0.279,0.377,0.1,0.408,0.243,0.047,2.396,3.85,2021
"Singapore",1.695,1.019,0.897,0.664,0.176,0.547,1.379,6.377,2021
"Slovakia",1.304,1.066,0.653,0.468,0.107,0.018,2.714,6.33,2021
"Slovenia",1.36,1.093,0.722,0.69,0.122,0.085,2.388,6.46,2021
"South Africa",0.967,0.895,0.265,0.447,0.144,0.051,2.187,4.956,2021
"South Korea",1.403,0.758,0.801,0.353,0.134,0.135,2.262,5.846,2021
"Spain",1.375,1.057,0.826,0.462,0.135,0.124,2.513,6.492,2021
"Sri Lanka",0.99,0.82,0.593,0.559,0.239,0.049,1.075,4.325,2021
"Swaziland",0.849,0.693,0.074,0.323,0.067,0.147,2.155,4.308,2021
"Sweden",1.478,1.062,0.763,0.685,0.244,0.448,2.683,7.363,2021
"Switzerland",1.566,1.079,0.816,0.653,0.204,0.413,2.839,7.57,2021
"Taiwan Province of China",1.48,0.982,0.665,0.49,0.142,0.139,2.687,6.585,2021
"Tajikistan",0.508,0.895,0.498,0.548,0.152,0.247,2.619,5.467,2021
"Tanzania",0.433,0.54,0.3,0.549,0.307,0.231,1.263,3.623,2021
"Thailand",1.107,0.957,0.596,0.611,0.375,0.028,2.309,5.983,2021
"Togo",0.254,0.239,0.203,0.289,0.209,0.107,2.806,4.107,2021
"Tunisia",0.919,0.515,0.59,0.334,0.057,0.044,2.138,4.597,2021
"Turkey",1.26,0.809,0.59,0.236,0.097,0.104,1.852,4.948,2021
"Turkmenistan",1.046,1.172,0.439,0.602,0.366,0.033,1.409,5.067,2021
"Uganda",0.364,0.718,0.24,0.398,0.267,0.054,2.596,4.637,2021
"Ukraine",0.979,0.958,0.517,0.417,0.181,0.01,1.813,4.875,2021
"United Arab Emirates",1.555,0.86,0.594,0.67,0.236,0.223,2.422,6.56,2021
"United Kingdom",1.423,1.062,0.757,0.58,0.34,0.306,2.596,7.064,2021
"United States",1.533,1.03,0.621,0.554,0.252,0.154,2.807,6.951,2021
"Uruguay",1.164,1.042,0.649,0.625,0.128,0.223,2.6,6.431,2021
"Uzbekistan",0.769,1.027,0.528,0.716,0.391,0.271,2.477,6.179,2021
"Venezuela",0.852,0.897,0.574,0.284,0.078,0.072,2.135,4.892,2021
"Vietnam",0.817,0.873,0.616,0.679,0.124,0.091,2.211,5.411,2021
"Yemen",0.329,0.831,0.272,0.268,0.092,0.089,1.776,3.657,2021
"Zambia",0.528,0.552,0.231,0.487,0.227,0.074,1.975,4.074,2021
"Zimbabwe",0.457,0.649,0.243,0.359,0.157,0.075,1.205,3.145,2021
"Afghanistan",0.758,0,0.289,0,0.089,0.005,1.263,2.404,2022
"Albania",1.439,0.646,0.719,0.511,0.138,0.028,1.718,5.199,2022
"Algeria",1.363,0.97,0.643,0.146,0.106,0.15,1.744,5.122,2022
"Argentina",1.592,1.102,0.662,0.555,0.081,0.085,1.891,5.968,2022
"Armenia",1.434,0.82,0.668,0.558,0.054,0.21,1.654,5.398,2022
"Australia",1.9,1.203,0.772,0.676,0.258,0.341,2.011,7.161,2022
"Austria",1.931,1.165,0.774,0.623,0.193,0.329,2.148,7.163,2022
"Azerbaijan",1.458,1.093,0.56,0.601,0.023,0.341,1.098,5.174,2022
"Bahrain",1.854,1.029,0.625,0.693,0.199,0.155,2.092,6.647,2022
"Bangladesh",1.06,0.614,0.581,0.622,0.125,0.187,1.967,5.156,2022
"Belarus",1.562,1.157,0.629,0.342,0.04,0.282,1.811,5.823,2022
"Belgium",1.907,1.106,0.764,0.492,0.049,0.204,2.283,6.805,2022
"Benin",0.932,0.064,0.335,0.479,0.127,0.23,2.458,4.625,2022
"Bolivia",1.256,0.88,0.555,0.627,0.112,0.064,2.107,5.601,2022
"Bosnia and Herzegovina",1.468,1.068,0.665,0.448,0.244,0.006,1.869,5.768,2022
"Botswana",1.503,0.815,0.28,0.571,0.012,0.102,0.187,3.47,2022
"Brazil",1.462,1.044,0.615,0.546,0.131,0.134,2.361,6.293,2022
"Bulgaria",1.625,1.163,0.64,0.563,0.123,0.021,1.235,5.37,2022
"Burkina Faso",0.779,0.565,0.32,0.382,0.186,0.126,2.313,4.671,2022
"Cambodia",1.019,0.732,0.505,0.74,0.166,0.068,1.41,4.64,2022
"Cameroon",0.968,0.672,0.317,0.397,0.152,0.074,2.469,5.049,2022
"Canada",1.886,1.188,0.783,0.659,0.217,0.368,1.924,7.025,2022
"Chad",0.662,0.506,0.225,0.18,0.182,0.077,2.419,4.251,2022
"Chile",1.651,1.08,0.748,0.46,0.124,0.069,2.04,6.172,2022
"China",1.508,0.958,0.705,0.656,0.099,0.142,1.516,5.584,2022
"Colombia",1.452,0.929,0.72,0.545,0.087,0.077,1.971,5.781,2022
"Comoros",0.899,0.476,0.424,0.185,0.195,0.125,2.304,4.608,2022
"Congo",0.95,0.405,0.355,0.431,0.13,0.146,2.658,5.075,2022
"Costa Rica",1.584,1.054,0.744,0.661,0.089,0.102,2.346,6.58,2022
"Croatia",1.705,1.183,0.709,0.535,0.109,0,1.884,6.125,2022
"Cyprus",1.815,0.909,0.819,0.448,0.123,0.062,2.044,6.22,2022
"Czechia",1.815,1.26,0.715,0.66,0.158,0.048,2.263,6.919,2022
"Denmark",1.953,1.243,0.777,0.719,0.188,0.532,2.226,7.638,2022
"Dominican Republic",1.538,1.003,0.577,0.606,0.084,0.179,1.751,5.738,2022
"Ecuador",1.352,0.879,0.708,0.565,0.08,0.083,1.866,5.533,2022
"Egypt",1.388,0.732,0.548,0.469,0.041,0.254,0.856,4.288,2022
"El Salvador",1.265,0.768,0.607,0.666,0.089,0.212,2.514,6.121,2022
"Estonia",1.793,1.232,0.728,0.689,0.123,0.333,1.442,6.34,2022
"Eswatini, Kingdom of",1.274,0.786,0.197,0.259,0.038,0.154,1.688,4.396,2022
"Ethiopia",0.788,0.809,0.457,0.472,0.205,0.136,1.375,4.242,2022
"Finland",1.892,1.258,0.775,0.736,0.109,0.534,2.518,7.822,2022
"France",1.863,1.219,0.808,0.567,0.07,0.266,1.895,6.688,2022
"Gabon",1.459,0.738,0.396,0.343,0.032,0.099,1.892,4.959,2022
"Gambia",0.785,0.621,0.369,0.367,0.388,0.103,2.531,5.164,2022
"Georgia",1.467,0.612,0.595,0.508,0,0.208,1.583,4.973,2022
"Germany",1.924,1.088,0.776,0.585,0.163,0.358,2.142,7.036,2022
"Ghana",1.112,0.595,0.409,0.5,0.23,0.056,1.972,4.874,2022
"Greece",1.703,0.98,0.774,0.249,0.015,0.108,2.119,5.948,2022
"Guatemala",1.274,0.831,0.522,0.662,0.112,0.115,2.746,6.262,2022
"Guinea",0.848,0.566,0.275,0.334,0.214,0.116,2.538,4.891,2022
"Honduras",1.111,0.885,0.555,0.582,0.202,0.076,2.611,6.022,2022
"Hong Kong S.A.R. of China",1.957,0.954,0.942,0.4,0.147,0.383,0.642,5.425,2022
"Hungary",1.748,1.233,0.668,0.485,0.078,0.064,1.812,6.088,2022
"Iceland",1.936,1.32,0.803,0.718,0.27,0.191,2.32,7.558,2022
"India",1.167,0.376,0.471,0.647,0.198,0.123,0.795,3.777,2022
"Indonesia",1.382,0.883,0.539,0.62,0.468,0.047,1.3,5.239,2022
"Iran",1.41,0.741,0.642,0.281,0.241,0.146,1.427,4.888,2022
"Iraq",1.289,0.682,0.554,0.328,0.147,0.046,1.894,4.94,2022
"Ireland",2.129,1.166,0.779,0.627,0.19,0.408,1.743,7.042,2022
"Israel",1.826,1.221,0.818,0.568,0.155,0.143,2.634,7.365,2022
"Italy",1.834,1.052,0.801,0.412,0.085,0.059,2.222,6.465,2022
"Ivory Coast",1.094,0.442,0.322,0.451,0.149,0.124,2.652,5.234,2022
"Jamaica",1.296,1.045,0.646,0.567,0.08,0.053,2.164,5.851,2022
"Japan",1.835,1.089,0.866,0.537,0.007,0.218,1.487,6.039,2022
"Jordan",1.324,0.724,0.675,0.476,0.058,0.2,0.695,4.152,2022
"Kazakhstan",1.668,1.22,0.611,0.584,0.134,0.157,1.86,6.234,2022
"Kenya",1.032,0.605,0.401,0.44,0.322,0.082,1.661,4.543,2022
"Kosovo",1.362,0.949,0.569,0.599,0.309,0.035,2.631,6.454,2022
"Kuwait",1.904,0.983,0.747,0.617,0.087,0.147,1.621,6.106,2022
"Kyrgyzstan",1.069,1.109,0.638,0.693,0.208,0.025,2.087,5.829,2022
"Laos",1.239,0.654,0.479,0.679,0.197,0.184,1.709,5.141,2022
"Latvia",1.732,1.221,0.637,0.502,0.075,0.09,1.923,6.18,2022
"Lebanon",1.392,0.498,0.631,0.103,0.082,0.034,0.216,2.956,2022
"Lesotho",0.839,0.848,0,0.419,0.076,0.018,1.312,3.512,2022
"Liberia",0.636,0.67,0.309,0.405,0.178,0.08,2.844,5.122,2022
"Libya",1.476,0.943,0.606,0.477,0.106,0.179,1.544,5.331,2022
"Lithuania",1.804,1.204,0.659,0.496,0.053,0.077,2.153,6.446,2022
"Luxembourg",2.209,1.155,0.79,0.7,0.12,0.388,2.042,7.404,2022
"Madagascar",0.67,0.645,0.378,0.202,0.143,0.154,2.148,4.34,2022
"Malawi",0.648,0.279,0.388,0.477,0.14,0.157,1.661,3.75,2022
"Malaysia",1.689,0.938,0.62,0.654,0.213,0.126,1.471,5.711,2022
"Mali",0.792,0.483,0.311,0.35,0.128,0.042,2.373,4.479,2022
"Malta",1.838,1.169,0.789,0.679,0.174,0.166,1.631,6.446,2022
"Mauritania",1.1,0.865,0.45,0.304,0.088,0.138,1.207,4.152,2022
"Mauritius",1.591,1.116,0.568,0.589,0.131,0.107,1.969,6.071,2022
"Mexico",1.552,0.886,0.623,0.621,0.092,0.115,2.239,6.128,2022
"Moldova",1.417,1.008,0.597,0.561,0.102,0.028,2.142,5.855,2022
"Mongolia",1.393,1.197,0.467,0.398,0.247,0.059,1.999,5.76,2022
"Montenegro",1.573,1.023,0.659,0.46,0.135,0.077,1.619,5.546,2022
"Morocco",1.208,0.268,0.565,0.492,0.02,0.102,2.405,5.06,2022
"Mozambique",0.578,0.66,0.191,0.593,0.185,0.2,2.641,5.048,2022
"Myanmar",1.038,0.829,0.491,0.513,0.452,0.194,0.877,4.394,2022
"Namibia",1.292,0.877,0.354,0.384,0.067,0.071,1.414,4.459,2022
"Nepal",0.984,0.784,0.499,0.519,0.237,0.13,2.224,5.377,2022
"Netherlands",1.945,1.206,0.787,0.651,0.271,0.419,2.137,7.416,2022
"New Zealand",1.852,1.235,0.752,0.68,0.245,0.483,1.954,7.201,2022
"Nicaragua",1.105,1.029,0.617,0.617,0.168,0.212,2.418,6.166,2022
"Niger",0.57,0.56,0.326,0.571,0.165,0.145,2.667,5.004,2022
"Nigeria",1.079,0.732,0.3,0.444,0.175,0.038,1.784,4.552,2022
"North Cyprus",1.815,0.888,0.819,0.523,0.13,0.213,1.078,5.466,2022
"North Macedonia",1.505,0.863,0.637,0.488,0.215,0.031,1.461,5.2,2022
"Norway",1.997,1.239,0.786,0.728,0.217,0.474,1.925,7.366,2022
"Pakistan",1.049,0.413,0.374,0.448,0.181,0.112,1.94,4.517,2022
"Palestinian Territories",1.148,0.957,0.521,0.336,0.073,0.079,1.368,4.482,2022
"Panama",1.715,1.107,0.709,0.592,0.049,0.051,2.086,6.309,2022
"Paraguay",1.409,1.13,0.624,0.629,0.171,0.059,1.555,5.577,2022
"Peru",1.397,0.865,0.735,0.545,0.09,0.037,1.89,5.559,2022
"Philippines",1.268,0.912,0.514,0.678,0.107,0.142,2.283,5.904,2022
"Poland",1.758,1.174,0.712,0.523,0.124,0.14,1.693,6.124,2022
"Portugal",1.76,1.078,0.777,0.655,0.016,0.039,1.691,6.016,2022
"Romania",1.719,1.006,0.655,0.605,0.039,0.006,2.446,6.476,2022
"Russia",1.685,1.095,0.586,0.401,0.117,0.08,1.494,5.458,2022
"Rwanda",0.785,0.133,0.462,0.621,0.187,0.544,0.536,3.268,2022
"Saudi Arabia",1.87,1.092,0.577,0.651,0.078,0.18,2.075,6.523,2022
"Senegal",0.933,0.53,0.447,0.494,0.143,0.081,2.419,5.047,2022
"Serbia",1.55,1.086,0.658,0.546,0.219,0.088,2.031,6.178,2022
"Sierra Leone",0.686,0.416,0.273,0.387,0.202,0.055,1.556,3.575,2022
"Singapore",2.149,1.127,0.851,0.672,0.163,0.587,0.932,6.481,2022
"Slovakia",1.736,1.232,0.707,0.479,0.118,0.025,2.094,6.391,2022
"Slovenia",1.81,1.249,0.769,0.685,0.118,0.115,1.885,6.631,2022
"South Africa",1.425,1.088,0.361,0.442,0.089,0.046,1.742,5.193,2022
"South Korea",1.851,0.886,0.841,0.414,0.111,0.176,1.656,5.935,2022
"Spain",1.808,1.211,0.808,0.505,0.101,0.149,1.893,6.475,2022
"Sri Lanka",1.415,0.934,0.66,0.529,0.15,0.079,0.595,4.362,2022
"Sweden",1.92,1.204,0.803,0.724,0.218,0.512,2.003,7.384,2022
"Switzerland",2.026,1.226,0.822,0.677,0.147,0.461,2.153,7.512,2022
"Taiwan Province of China",1.897,1.095,0.733,0.542,0.075,0.168,2.002,6.512,2022
"Tajikistan",0.966,1.005,0.518,0.572,0.118,0.304,1.895,5.378,2022
"Tanzania",0.848,0.597,0.425,0.578,0.248,0.27,0.735,3.701,2022
"Thailand",1.535,1.096,0.697,0.617,0.321,0.026,1.6,5.892,2022
"Togo",0.771,0.322,0.36,0.292,0.174,0.132,2.061,4.112,2022
"Tunisia",1.35,0.596,0.656,0.316,0.029,0.029,1.54,4.516,2022
"Turkey",1.707,0.865,0.702,0.209,0.087,0.115,1.059,4.744,2022
"Turkmenistan",1.484,1.319,0.516,0.649,0.314,0.032,1.16,5.474,2022
"Uganda",0.777,0.875,0.418,0.402,0.222,0.066,1.842,4.602,2022
"Ukraine",1.411,1.081,0.583,0.473,0.188,0.017,1.331,5.084,2022
"United Arab Emirates",1.998,0.98,0.633,0.702,0.204,0.25,1.809,6.576,2022
"United Kingdom",1.867,1.143,0.75,0.597,0.289,0.329,1.967,6.942,2022
"United States",1.982,1.182,0.628,0.574,0.22,0.177,2.214,6.977,2022
"Uruguay",1.615,1.18,0.672,0.665,0.103,0.265,1.974,6.474,2022
"Uzbekistan",1.219,1.092,0.6,0.716,0.283,0.24,1.913,6.063,2022
"Venezuela",0,0.968,0.578,0.283,0.225,0.082,2.79,4.926,2022
"Vietnam",1.252,0.932,0.611,0.707,0.143,0.105,1.735,5.485,2022
"Yemen",0.691,1.043,0.384,0.33,0.09,0.098,1.561,4.197,2022
"Zambia",0.93,0.577,0.306,0.525,0.203,0.083,1.135,3.759,2022
"Zimbabwe",0.947,0.69,0.27,0.329,0.106,0.105,0.548,2.995,2022
"xx",NA,NA,NA,NA,NA,NA,NA,NA,2022
"Afghanistan",0.645,0,0.087,0,0.093,0.059,0.976,1.86,2023
"Albania",1.449,0.951,0.48,0.549,0.133,0.037,1.678,5.277,2023
"Algeria",1.353,1.298,0.409,0.252,0.073,0.152,1.791,5.328,2023
"Argentina",1.59,1.388,0.427,0.587,0.088,0.082,1.861,6.023,2023
"Armenia",1.466,1.134,0.443,0.551,0.053,0.16,1.534,5.341,2023
"Australia",1.899,1.497,0.532,0.677,0.242,0.31,1.938,7.095,2023
"Austria",1.927,1.382,0.535,0.63,0.191,0.31,2.124,7.099,2023
"Bahrain",1.883,1.269,0.389,0.748,0.199,0.138,1.546,6.172,2023
"Bangladesh",1.133,0.513,0.355,0.617,0.139,0.165,1.361,4.283,2023
"Belgium",1.907,1.449,0.528,0.59,0.137,0.273,1.976,6.86,2023
"Benin",0.924,0.242,0.124,0.481,0.114,0.253,2.235,4.373,2023
"Bolivia",1.24,1.187,0.329,0.648,0.103,0.06,2.118,5.685,2023
"Bosnia and Herzegovina",1.467,1.361,0.429,0.485,0.247,0.008,1.635,5.632,2023
"Botswana",1.471,1.041,0.087,0.48,0.021,0.071,0.264,3.435,2023
"Brazil",1.454,1.25,0.387,0.558,0.131,0.137,2.205,6.122,2023
"Bulgaria",1.635,1.457,0.408,0.557,0.106,0.013,1.289,5.465,2023
"Burkina Faso",0.768,0.814,0.107,0.419,0.188,0.113,2.23,4.639,2023
"Cambodia",1.025,1.024,0.283,0.768,0.176,0.051,1.068,4.395,2023
"Cameroon",0.965,0.871,0.118,0.405,0.144,0.059,2.411,4.973,2023
"Canada",1.881,1.484,0.541,0.656,0.218,0.364,1.815,6.959,2023
"Chad",0.622,0.962,0.043,0.393,0.255,0.088,2.034,4.397,2023
"Chile",1.645,1.384,0.511,0.546,0.131,0.076,2.04,6.333,2023
"China",1.51,1.249,0.468,0.666,0.115,0.145,1.666,5.819,2023
"Colombia",1.455,1.213,0.486,0.562,0.08,0.068,1.765,5.629,2023
"Comoros",0.914,0.327,0.215,0.117,0.129,0.145,1.699,3.546,2023
"Congo (Brazzaville)",0.921,0.665,0.145,0.464,0.134,0.136,2.802,5.267,2023
"Congo (Kinshasa)",0.531,0.784,0.105,0.375,0.183,0.068,1.162,3.208,2023
"Costa Rica",1.587,1.34,0.503,0.683,0.099,0.116,2.281,6.609,2023
"Croatia",1.727,1.455,0.475,0.5,0.087,0.003,1.88,6.127,2023
"Cyprus",1.824,1.224,0.58,0.455,0.104,0.05,1.893,6.13,2023
"Czechia",1.823,1.544,0.477,0.693,0.158,0.05,2.099,6.844,2023
"Denmark",1.949,1.548,0.537,0.734,0.208,0.525,2.084,7.585,2023
"Dominican Republic",1.536,1.227,0.351,0.623,0.083,0.195,1.553,5.568,2023
"Ecuador",1.343,1.173,0.476,0.56,0.079,0.069,1.86,5.56,2023
"Egypt",1.377,0.972,0.326,0.467,0.038,0.25,0.74,4.17,2023
"El Salvador",1.278,1.044,0.383,0.713,0.079,0.222,2.403,6.122,2023
"Estonia",1.798,1.526,0.494,0.728,0.153,0.372,1.383,6.454,2023
"Ethiopia",0.793,1.114,0.25,0.451,0.283,0.101,1.099,4.091,2023
"Finland",1.888,1.585,0.535,0.772,0.126,0.535,2.363,7.804,2023
"France",1.856,1.433,0.566,0.582,0.083,0.27,1.872,6.662,2023
"Gabon",1.438,1.021,0.183,0.346,0.036,0.102,1.908,5.034,2023
"Gambia",0.761,0.614,0.174,0.286,0.332,0.033,2.081,4.281,2023
"Georgia",1.477,0.947,0.366,0.539,0,0.201,1.58,5.11,2023
"Germany",1.919,1.401,0.539,0.618,0.153,0.365,1.898,6.893,2023
"Ghana",1.101,0.756,0.197,0.526,0.211,0.035,1.779,4.605,2023
"Greece",1.708,1.247,0.535,0.248,0.008,0.097,2.089,5.932,2023
"Guatemala",1.287,1.188,0.31,0.631,0.106,0.066,2.562,6.15,2023
"Guinea",0.844,0.776,0.072,0.369,0.204,0.102,2.705,5.072,2023
"Honduras",1.115,1.072,0.341,0.613,0.189,0.062,2.631,6.023,2023
"Hong Kong S.A.R. of China",1.951,1.201,0.702,0.407,0.123,0.39,0.535,5.309,2023
"Hungary",1.754,1.519,0.435,0.501,0.105,0.065,1.663,6.042,2023
"Iceland",1.926,1.62,0.559,0.738,0.25,0.187,2.25,7.53,2023
"India",1.159,0.674,0.252,0.685,0.175,0.111,0.979,4.035,2023
"Indonesia",1.384,1.169,0.314,0.663,0.422,0.038,1.288,5.278,2023
"Iran",1.465,1.102,0.411,0.281,0.229,0.13,1.259,4.877,2023
"Iraq",1.281,0.953,0.324,0.351,0.134,0.038,1.861,4.942,2023
"Ireland",2.152,1.425,0.539,0.656,0.186,0.409,1.545,6.912,2023
"Israel",1.833,1.521,0.577,0.569,0.124,0.158,2.691,7.473,2023
"Italy",1.832,1.365,0.559,0.438,0.097,0.063,2.052,6.406,2023
"Ivory Coast",1.094,0.584,0.12,0.467,0.138,0.131,2.519,5.053,2023
"Jamaica",1.305,1.329,0.411,0.587,0.079,0.039,1.954,5.704,2023
"Japan",1.825,1.396,0.622,0.556,0.009,0.207,1.513,6.128,2023
"Jordan",1.292,0.98,0.438,0.517,0.056,0.173,0.663,4.119,2023
"Kazakhstan",1.664,1.491,0.389,0.628,0.136,0.149,1.688,6.145,2023
"Kenya",1.051,0.881,0.19,0.418,0.291,0.055,1.601,4.487,2023
"Kosovo",1.374,1.269,0.372,0.639,0.275,0.045,2.393,6.367,2023
"Kyrgyzstan",1.061,1.439,0.417,0.735,0.234,0.018,1.92,5.824,2023
"Laos",1.232,0.853,0.257,0.715,0.185,0.162,1.707,5.111,2023
"Latvia",1.737,1.505,0.405,0.58,0.107,0.071,1.808,6.213,2023
"Lebanon",1.417,0.476,0.398,0.123,0.061,0.027,-0.11,2.392,2023
"Liberia",0.628,0.644,0.141,0.471,0.219,0.071,1.869,4.043,2023
"Lithuania",1.808,1.511,0.432,0.487,0.059,0.089,2.377,6.763,2023
"Luxembourg",2.2,1.357,0.549,0.71,0.149,0.418,1.845,7.228,2023
"Madagascar",0.632,0.779,0.178,0.187,0.177,0.134,1.932,4.019,2023
"Malawi",0.637,0.479,0.189,0.49,0.139,0.129,1.432,3.495,2023
"Malaysia",1.665,1.155,0.385,0.659,0.222,0.122,1.804,6.012,2023
"Mali",0.763,0.637,0.106,0.441,0.121,0.059,2.07,4.197,2023
"Malta",1.841,1.468,0.547,0.671,0.2,0.143,1.429,6.299,2023
"Mauritania",1.099,0.764,0.244,0.32,0.13,0.195,1.973,4.725,2023
"Mauritius",1.589,1.382,0.336,0.574,0.121,0.11,1.79,5.902,2023
"Mexico",1.55,1.169,0.389,0.632,0.086,0.115,2.389,6.33,2023
"Moldova",1.425,1.302,0.375,0.61,0.093,0.02,1.995,5.82,2023
"Mongolia",1.379,1.494,0.244,0.425,0.239,0.058,2.001,5.84,2023
"Montenegro",1.537,1.385,0.424,0.563,0.17,0.061,1.581,5.721,2023
"Morocco",1.236,0.535,0.337,0.54,0.013,0.085,2.158,4.904,2023
"Mozambique",0.57,0.885,0,0.625,0.161,0.192,2.519,4.952,2023
"Myanmar",1.032,1.125,0.269,0.46,0.4,0.194,0.893,4.373,2023
"Namibia",1.289,1.126,0.145,0.383,0.069,0.071,1.549,4.632,2023
"Nepal",0.979,1.027,0.281,0.567,0.215,0.104,2.187,5.36,2023
"Netherlands",1.942,1.488,0.545,0.672,0.251,0.394,2.11,7.402,2023
"New Zealand",1.842,1.544,0.513,0.672,0.23,0.471,1.852,7.124,2023
"Nicaragua",1.109,1.292,0.385,0.66,0.148,0.218,2.448,6.26,2023
"Niger",0.561,0.628,0.137,0.54,0.154,0.14,2.341,4.501,2023
"Nigeria",1.065,1.007,0.092,0.448,0.176,0.013,2.181,4.982,2023
"North Macedonia",1.498,1.171,0.408,0.515,0.207,0.02,1.435,5.254,2023
"Norway",1.994,1.521,0.544,0.752,0.212,0.463,1.829,7.315,2023
"Pakistan",1.081,0.657,0.158,0.511,0.141,0.102,1.907,4.557,2023
"Panama",1.714,1.402,0.475,0.63,0.065,0.036,1.943,6.265,2023
"Paraguay",1.428,1.427,0.392,0.678,0.148,0.062,1.604,5.739,2023
"Peru",1.39,1.153,0.499,0.549,0.073,0.027,1.835,5.526,2023
"Philippines",1.238,1.108,0.286,0.714,0.104,0.141,1.931,5.522,2023
"Poland",1.767,1.474,0.477,0.511,0.12,0.139,1.772,6.26,2023
"Portugal",1.758,1.356,0.537,0.693,0.031,0.037,1.556,5.968,2023
"Romania",1.726,1.28,0.423,0.631,0.044,0,2.485,6.589,2023
"Russia",1.68,1.383,0.366,0.449,0.12,0.091,1.572,5.661,2023
"Saudi Arabia",1.861,1.37,0.351,0.682,0.093,0.17,1.936,6.463,2023
"Senegal",0.943,0.727,0.231,0.519,0.142,0.06,2.234,4.856,2023
"Serbia",1.552,1.343,0.424,0.617,0.246,0.081,1.881,6.144,2023
"Sierra Leone",0.67,0.54,0.092,0.371,0.193,0.051,1.221,3.138,2023
"Singapore",2.168,1.354,0.607,0.66,0.17,0.561,1.067,6.587,2023
"Slovakia",1.731,1.544,0.472,0.494,0.128,0.022,2.078,6.469,2023
"Slovenia",1.815,1.539,0.532,0.707,0.144,0.113,1.799,6.649,2023
"South Africa",1.417,1.428,0.149,0.464,0.09,0.019,1.708,5.275,2023
"South Korea",1.853,1.188,0.603,0.446,0.112,0.163,1.587,5.952,2023
"Spain",1.798,1.491,0.567,0.533,0.101,0.157,1.789,6.436,2023
"Sri Lanka",1.422,1.224,0.426,0.539,0.12,0.086,0.625,4.442,2023
"State of Palestine",1.144,1.309,NA,0.416,0.065,0.067,NA,NA,2023
"Sweden",1.921,1.51,0.562,0.754,0.225,0.52,1.903,7.395,2023
"Switzerland",2.022,1.463,0.582,0.678,0.151,0.475,1.87,7.241,2023
"Taiwan Province of China",1.89,1.372,0.492,0.562,0.067,0.178,1.974,6.535,2023
"Tajikistan",0.972,1.248,0.291,0.599,0.104,0.292,1.823,5.329,2023
"Tanzania",0.836,0.787,0.214,0.607,0.234,0.269,0.747,3.694,2023
"Thailand",1.515,1.344,0.461,0.624,0.291,0.013,1.594,5.842,2023
"Togo",0.77,0.642,0.161,0.367,0.149,0.136,1.913,4.138,2023
"Tunisia",1.333,0.981,0.422,0.259,0.022,0.016,1.463,4.496,2023
"Turkiye",1.714,1.148,0.467,0.125,0.095,0.096,0.969,4.614,2023
"Uganda",0.785,1.144,0.201,0.425,0.197,0.051,1.628,4.431,2023
"Ukraine",1.358,1.354,0.355,0.551,0.265,0.016,1.172,5.071,2023
"United Arab Emirates",2.015,1.223,0.401,0.745,0.188,0.247,1.752,6.571,2023
"United Kingdom",1.857,1.366,0.511,0.626,0.272,0.34,1.822,6.794,2023
"United States",1.98,1.46,0.39,0.557,0.21,0.172,2.124,6.893,2023
"Uruguay",1.617,1.445,0.435,0.683,0.102,0.254,1.958,6.494,2023
"Uzbekistan",1.227,1.347,0.375,0.74,0.26,0.208,1.856,6.013,2023
"Venezuela",0,1.257,0.341,0.369,0.205,0.084,2.955,5.211,2023
"Vietnam",1.349,1.212,0.381,0.741,0.134,0.122,1.824,5.763,2023
"Zambia",0.914,0.89,0.095,0.545,0.189,0.08,1.27,3.983,2023
"Zimbabwe",0.758,0.881,0.069,0.363,0.112,0.117,0.905,3.205,2023
"Afghanistan",0.628,0,0.242,0,0.091,0.088,0.672,1.721,2024
"Albania",1.438,0.924,0.638,0.69,0.138,0.049,1.428,5.305,2024
"Algeria",1.324,1.191,0.568,0.247,0.091,0.2,1.743,5.364,2024
"Argentina",1.562,1.381,0.585,0.681,0.087,0.08,1.812,6.188,2024
"Armenia",1.444,1.154,0.603,0.65,0.051,0.173,1.379,5.454,2024
"Australia",1.854,1.461,0.692,0.756,0.225,0.323,1.745,7.056,2024
"Austria",1.885,1.336,0.696,0.703,0.214,0.305,1.766,6.905,2024
"Azerbaijan",1.433,0.876,0.496,0.668,0.112,0.199,1.11,4.894,2024
"Bahrain",NA,NA,NA,NA,NA,NA,NA,NA,2024
"Bangladesh",1.122,0.249,0.513,0.775,0.14,0.167,0.919,3.885,2024
"Belgium",1.868,1.44,0.69,0.729,0.17,0.311,1.686,6.894,2024
"Benin",0.914,0.128,0.284,0.567,0.112,0.252,2.121,4.378,2024
"Bolivia",1.217,1.179,0.488,0.719,0.1,0.061,2.02,5.784,2024
"Bosnia and Herzegovina",1.465,1.318,0.587,0.621,0.246,0,1.64,5.877,2024
"Botswana",1.445,0.969,0.241,0.567,0.014,0.082,0.066,3.384,2024
"Brazil",1.43,1.269,0.548,0.685,0.13,0.142,2.068,6.272,2024
"Bulgaria",1.629,1.469,0.567,0.62,0.083,0.006,1.088,5.462,2024
"Burkina Faso",0.756,0.685,0.274,0.483,0.173,0.179,1.999,4.549,2024
"Cambodia",1.011,1.019,0.442,0.863,0.17,0.071,0.765,4.341,2024
"Cameroon",0.943,0.856,0.288,0.521,0.126,0.06,2.08,4.874,2024
"Canada",1.84,1.459,0.701,0.73,0.23,0.368,1.572,6.9,2024
"Chad",0.603,0.805,0.199,0.411,0.218,0.113,2.122,4.471,2024
"Chile",1.616,1.369,0.673,0.651,0.117,0.075,1.858,6.359,2024
"China",1.497,1.239,0.629,0.704,0.132,0.164,1.608,5.973,2024
"Colombia",1.437,1.241,0.648,0.644,0.072,0.059,1.596,5.697,2024
"Comoros",0.896,0.328,0.37,0.172,0.128,0.16,1.512,3.566,2024
"Congo (Brazzaville)",0.892,0.622,0.306,0.523,0.124,0.138,2.617,5.222,2024
"Congo (Kinshasa)",0.534,0.665,0.262,0.473,0.189,0.072,1.102,3.297,2024
"Costa Rica",1.561,1.373,0.661,0.797,0.109,0.123,2.333,6.957,2024
"Croatia",1.71,1.445,0.637,0.469,0.064,0.043,1.574,5.942,2024
"Cyprus",1.794,1.217,0.744,0.529,0.124,0.049,1.611,6.068,2024
"Czechia",1.783,1.511,0.638,0.787,0.177,0.068,1.858,6.822,2024
"Denmark",1.908,1.52,0.699,0.823,0.204,0.548,1.881,7.583,2024
"Dominican Republic",1.517,1.272,0.511,0.73,0.086,0.196,1.512,5.824,2024
"Ecuador",1.315,1.151,0.64,0.606,0.087,0.078,1.846,5.723,2024
"Egypt",1.37,0.996,0.488,0.49,0.025,0.259,0.349,3.977,2024
"El Salvador",1.265,1.08,0.549,0.816,0.083,0.253,2.424,6.47,2024
"Estonia",1.752,1.527,0.657,0.805,0.166,0.401,1.138,6.446,2024
"Eswatini",1.255,0.925,0.176,0.284,0.059,0.116,0.686,3.501,2024
"Ethiopia",0.792,0.915,0.42,0.441,0.27,0.101,0.923,3.862,2024
"Finland",1.844,1.572,0.695,0.859,0.142,0.546,2.082,7.74,2024
"France",1.818,1.348,0.727,0.65,0.112,0.281,1.672,6.608,2024
"Gabon",1.403,1.038,0.344,0.516,0.045,0.1,1.66,5.106,2024
"Gambia",0.75,0.684,0.33,0.459,0.324,0.048,1.89,4.485,2024
"Georgia",1.467,0.99,0.524,0.68,0,0.174,1.349,5.184,2024
"Germany",1.871,1.39,0.702,0.7,0.174,0.368,1.513,6.718,2024
"Ghana",1.077,0.747,0.36,0.623,0.183,0.028,1.273,4.291,2024
"Greece",1.684,1.276,0.696,0.337,0.018,0.093,1.83,5.934,2024
"Guatemala",1.26,1.169,0.467,0.735,0.105,0.078,2.473,6.287,2024
"Guinea",0.831,0.622,0.236,0.521,0.21,0.107,2.497,5.024,2024
"Honduras",1.091,1.035,0.502,0.72,0.175,0.081,2.364,5.968,2024
"Hong Kong S.A.R. of China",1.909,1.184,0.857,0.485,0.147,0.402,0.333,5.317,2024
"Hungary",1.722,1.528,0.596,0.581,0.123,0.067,1.4,6.017,2024
"Iceland",1.881,1.617,0.718,0.819,0.258,0.182,2.05,7.525,2024
"India",1.166,0.653,0.417,0.767,0.174,0.122,0.756,4.055,2024
"Indonesia",1.361,1.184,0.472,0.779,0.399,0.055,1.318,5.568,2024
"Iran",1.435,1.136,0.571,0.366,0.235,0.123,1.057,4.923,2024
"Iraq",1.249,0.996,0.498,0.425,0.141,0.048,1.809,5.166,2024
"Ireland",2.129,1.39,0.7,0.758,0.205,0.418,1.239,6.839,2024
"Israel",1.803,1.513,0.74,0.641,0.153,0.193,2.298,7.341,2024
"Italy",1.8,1.328,0.72,0.513,0.112,0.074,1.777,6.324,2024
"Ivory Coast",1.08,0.578,0.288,0.547,0.12,0.164,2.303,5.08,2024
"Jamaica",1.28,1.324,0.567,0.647,0.089,0.028,1.907,5.842,2024
"Japan",1.786,1.354,0.785,0.632,0.023,0.219,1.261,6.06,2024
"Jordan",1.262,0.983,0.594,0.593,0.059,0.189,0.504,4.184,2024
"Kazakhstan",1.622,1.457,0.556,0.733,0.149,0.12,1.551,6.188,2024
"Kenya",1.037,0.895,0.353,0.519,0.282,0.069,1.316,4.471,2024
"Kosovo",1.364,1.277,0.599,0.739,0.254,0.073,2.255,6.561,2024
"Kuwait",1.845,1.364,0.661,0.827,0.2,0.172,1.884,6.953,2024
"Kyrgyzstan",1.054,1.477,0.588,0.834,0.225,0.03,1.505,5.713,2024
"Laos",1.208,0.846,0.423,0.796,0.17,0.167,1.529,5.139,2024
"Latvia",1.7,1.508,0.564,0.666,0.127,0.078,1.59,6.233,2024
"Lebanon",1.377,0.577,0.556,0.173,0.068,0.029,-0.073,2.707,2024
"Lesotho",0.771,0.851,0,0.523,0.082,0.085,0.875,3.187,2024
"Liberia",0.619,0.673,0.301,0.546,0.178,0.075,1.878,4.27,2024
"Libya",1.526,1.1,0.55,0.592,0.111,0.204,1.785,5.868,2024
"Lithuania",1.766,1.454,0.598,0.533,0.044,0.116,2.307,6.818,2024
"Luxembourg",2.141,1.355,0.708,0.801,0.146,0.432,1.54,7.123,2024
"Madagascar",0.628,0.823,0.333,0.25,0.172,0.123,1.897,4.226,2024
"Malawi",0.617,0.41,0.349,0.571,0.135,0.136,1.203,3.421,2024
"Malaysia",1.646,1.143,0.54,0.829,0.226,0.119,1.473,5.976,2024
"Mali",0.747,0.688,0.267,0.586,0.12,0.09,1.734,4.232,2024
"Malta",1.827,1.444,0.707,0.727,0.25,0.125,1.267,6.347,2024
"Mauritania",1.078,0.705,0.4,0.343,0.133,0.198,1.649,4.506,2024
"Mauritius",1.57,1.358,0.49,0.641,0.123,0.118,1.517,5.817,2024
"Mexico",1.521,1.241,0.544,0.722,0.086,0.127,2.437,6.678,2024
"Moldova",1.385,1.277,0.542,0.695,0.077,0.044,1.795,5.815,2024
"Mongolia",1.353,1.511,0.4,0.501,0.237,0.055,1.64,5.697,2024
"Montenegro",1.571,1.318,0.587,0.632,0.11,0.132,1.357,5.707,2024
"Morocco",1.213,0.471,0.495,0.631,0.042,0.082,1.861,4.795,2024
"Mozambique",0.56,0.883,0.156,0.728,0.158,0.196,2.536,5.217,2024
"Myanmar",0.978,0.988,0.436,0.45,0.401,0.174,0.928,4.355,2024
"Namibia",1.266,1.212,0.307,0.47,0.069,0.061,1.446,4.831,2024
"Nepal",0.965,0.99,0.443,0.653,0.209,0.115,1.783,5.158,2024
"Netherlands",1.901,1.462,0.706,0.725,0.247,0.372,1.906,7.319,2024
"New Zealand",1.81,1.527,0.673,0.746,0.226,0.48,1.567,7.029,2024
"Nicaragua",1.097,1.263,0.542,0.793,0.133,0.251,2.203,6.282,2024
"Niger",0.573,0.677,0.293,0.615,0.145,0.147,2.107,4.557,2024
"Nigeria",1.042,1.075,0.256,0.566,0.201,0.019,1.722,4.881,2024
"North Macedonia",1.475,1.277,0.569,0.58,0.194,0.015,1.26,5.37,2024
"Norway",1.952,1.517,0.704,0.835,0.224,0.484,1.586,7.302,2024
"Pakistan",1.069,0.6,0.321,0.542,0.144,0.074,1.907,4.657,2024
"Panama",1.702,1.392,0.633,0.72,0.063,0.043,1.806,6.359,2024
"Paraguay",1.398,1.408,0.549,0.788,0.131,0.065,1.637,5.976,2024
"Peru",1.371,1.18,0.662,0.615,0.078,0.029,1.907,5.842,2024
"Philippines",1.232,1.146,0.441,0.826,0.099,0.136,2.167,6.047,2024
"Poland",1.738,1.417,0.639,0.6,0.081,0.175,1.791,6.441,2024
"Portugal",1.728,1.368,0.699,0.757,0.047,0.035,1.397,6.031,2024
"Romania",1.699,1.236,0.583,0.717,0.041,0.006,2.21,6.492,2024
"Russia",1.642,1.351,0.531,0.551,0.138,0.121,1.451,5.785,2024
"Saudi Arabia",1.842,1.361,0.511,0.787,0.114,0.188,1.79,6.593,2024
"Senegal",0.927,0.751,0.392,0.607,0.152,0.069,2.071,4.969,2024
"Serbia",1.538,1.391,0.585,0.663,0.2,0.101,1.932,6.41,2024
"Sierra Leone",0.654,0.566,0.253,0.469,0.181,0.053,1.068,3.244,2024
"Singapore",2.118,1.361,0.769,0.743,0.168,0.575,0.788,6.522,2024
"Slovakia",1.706,1.54,0.638,0.566,0.096,0.058,1.653,6.257,2024
"Slovenia",1.786,1.502,0.695,0.789,0.157,0.131,1.683,6.743,2024
"South Africa",1.389,1.369,0.322,0.537,0.078,0.034,1.693,5.422,2024
"South Korea",1.815,1.178,0.77,0.555,0.126,0.158,1.456,6.058,2024
"Spain",1.766,1.471,0.729,0.619,0.119,0.177,1.54,6.421,2024
"Sri Lanka",1.361,1.179,0.586,0.583,0.144,0.031,0.014,3.898,2024
"State of Palestine",NA,NA,NA,NA,NA,NA,NA,NA,2024
"Sweden",1.878,1.501,0.724,0.838,0.221,0.524,1.658,7.344,2024
"Switzerland",1.97,1.425,0.747,0.759,0.173,0.498,1.488,7.06,2024
"Taiwan Province of China",1.842,1.346,0.65,0.649,0.068,0.202,1.747,6.504,2024
"Tajikistan",NA,NA,NA,NA,NA,NA,NA,NA,2024
"Tanzania",0.82,0.706,0.38,0.709,0.191,0.257,0.717,3.78,2024
"Thailand",1.484,1.347,0.62,0.756,0.283,0.024,1.463,5.977,2024
"Togo",0.758,0.586,0.32,0.453,0.127,0.156,1.814,4.214,2024
"Tunisia",1.306,0.955,0.579,0.254,0.024,0.018,1.285,4.421,2024
"Turkiye",1.702,1.175,0.631,0.202,0.068,0.115,1.083,4.976,2024
"Uganda",0.772,1.151,0.373,0.587,0.178,0.054,1.256,4.371,2024
"Ukraine",1.35,1.315,0.513,0.631,0.285,0.025,0.753,4.872,2024
"United Arab Emirates",1.983,1.164,0.563,0.815,0.209,0.258,1.741,6.733,2024
"United Kingdom",1.822,1.326,0.672,0.713,0.267,0.351,1.598,6.749,2024
"United States",1.939,1.392,0.542,0.586,0.223,0.169,1.873,6.724,2024
"Uruguay",1.596,1.431,0.592,0.775,0.106,0.22,1.891,6.611,2024
"Uzbekistan",1.212,1.394,0.539,0.835,0.251,0.215,1.749,6.195,2024
"Venezuela",0,1.321,0.491,0.518,0.192,0.086,2.998,5.606,2024
"Vietnam",1.331,1.267,0.539,0.843,0.094,0.16,1.81,6.044,2024
"Yemen",0.671,1.281,0.293,0.362,0.08,0.113,0.76,3.56,2024
"Zambia",0.899,0.809,0.264,0.727,0.168,0.109,0.526,3.502,2024
"Zimbabwe",0.748,0.85,0.232,0.487,0.096,0.131,0.797,3.341,2024
